disease,age,sex,gene,geneName,Mutation,,
melanoma,64,male,BRAF (V600E),BRAF,V600E,,
melanoma,54,male,BRAF (V600K),BRAF,V600K,,
melanoma,80,male,BRAF (V600R),BRAF,V600R,,
melanoma,38,male,BRAF (K601E),BRAF,K601E,,
melanoma,57,male,"BRAF (V600E), PTEN loss of function",BRAF,V600E,,
melanoma,67,male,"BRAF (V600E), NRAS (Q61R)",BRAF,V600E,NRAS,Q61R
melanoma,61,male,BRAF amplification,BRAF,,,
melanoma,63,female,NRAS (Q61R),NRAS,Q61R,,
melanoma,34,female,NRAS (Q61L),NRAS,Q61L,,
melanoma,65,female,KIT (L576P),KIT,L576P,,
melanoma,56,female,"KIT (L576P), KIT amplification",KIT,L576P,,
melanoma,62,female,KIT (K642E),KIT,K642E,,
melanoma,39,female,KIT (N822Y),KIT,N822Y,,
melanoma,66,female,KIT amplification,,,,
melanoma,70,male,NF1 truncation,,,,
melanoma,60,male,NTRK1 rearrangement,,,,
melanoma,72,male,TP53 loss of function,,,,
melanoma,48,female,tumor cells with >50% membranous PD-L1 expression,,,,
melanoma,73,male,tumor cells negative for PD-L1 expression,,,,
melanoma,86,female,high tumor mutational burden,,,,
melanoma,49,male,extensive tumor infiltrating lymphocytes,,,,
melanoma,74,female,no tumor infiltrating lymphocytes,,,,
melanoma,68,male,PTEN loss of function,,,,
melanoma,47,male,APC loss of function,,,,
melanoma,69,female,high serum LDH levels,,,,
colorectal cancer,49,male,NRAS,NRAS,,,
medullary thyroid carcinoma,45,female,RET,RET,,,
neuroblastoma,4,female,ALK,ALK,,,
esophageal cancer,67,male,EGFR,EGFR,,,
lung cancer,71,female,ROS1,ROS1,,,
head and neck squamous cell carcinoma,64,male,CDKN2A,CDKN2A,,,
leukemia,4,female,ABL1,ABL1,,,
gastric cancer,60,female,EGFR,EGFR,,,
sarcoma,78,female,MDM2,MDM2,,,
breast cancer,73,female,CDKN2A,CDKN2A,,,
lung cancer,49,female,ERBB2,MET,,,
non-small cell carcinoma,68,male,MET,MET,,,
cholangiocarcinoma,50,male,IDH1,IDH1,,,
anaplastic large cell lymphoma,18,male,ALK,ALK,,,
breast cancer,56,female,ERBB2,ERBB2,,,
papillary thyroid carcinoma,46,female,NTRK1,NTRK1,,,
glioblastoma,84,male,CDK6,CDK6,,,
basal cell carcinoma,56,female,PTCH1,PTCH1,,,
glioma,82,male,BRAF,BRAF,,,
thyroid cancer,40,female,BRAF,BRAF,,,
lung cancer,57,male,FGFR1,FGFR1,,,
prostate cancer,70,male,PTEN,PTEN,,,
adenoid cystic carcinoma,58,female,KIT,KIT,,,
acute myeloid leukemia,1,male,IDH1,IDH1,,,
acute myeloid leukemia,13,male,FLT3,FLT3,,,
